{
	"format_version": "1.12.0",
	"minecraft:geometry": [
		{
			"description": {
				"identifier": "geometry.clothes/tail",
				"texture_width": 64,
				"texture_height": 64,
				"visible_bounds_width": 4,
				"visible_bounds_height": 3,
				"visible_bounds_offset": [0, 1.5, 0]
			},
			"bones": [
				{
					"name": "root",
					"pivot": [0, 0, 0]
				},
				{
					"name": "waist",
					"parent": "root",
					"pivot": [0, 12, 0]
				},
				{
					"name": "body",
					"parent": "waist",
					"pivot": [0, 24, 0],
					"cubes": [
						{"origin": [-4, 12, -2], "size": [8, 12, 4], "uv": [16, 16]}
					]
				},
				{
					"name": "head",
					"parent": "body",
					"pivot": [0, 24, 0],
					"cubes": [
						{"origin": [-4, 24, -4], "size": [8, 8, 8], "uv": [0, 0]}
					]
				},
				{
					"name": "hat",
					"parent": "head",
					"pivot": [0, 24, 0],
					"cubes": [
						{"origin": [-4, 24, -4], "size": [8, 8, 8], "inflate": 0.5, "uv": [32, 0]}
					]
				},
				{
					"name": "leftArm",
					"parent": "body",
					"pivot": [5, 22, 0],
					"cubes": [
						{"origin": [4, 12, -2], "size": [4, 12, 4], "uv": [32, 48]}
					]
				},
				{
					"name": "leftSleeve",
					"parent": "leftArm",
					"pivot": [5, 22, 0],
					"cubes": [
						{"origin": [4, 12, -2], "size": [4, 12, 4], "inflate": 0.25, "uv": [48, 48]}
					]
				},
				{
					"name": "leftItem",
					"parent": "leftArm",
					"pivot": [6, 15, 1]
				},
				{
					"name": "rightArm",
					"parent": "body",
					"pivot": [-5, 22, 0],
					"cubes": [
						{"origin": [-8, 12, -2], "size": [4, 12, 4], "uv": [40, 16]}
					]
				},
				{
					"name": "rightSleeve",
					"parent": "rightArm",
					"pivot": [-5, 22, 0],
					"cubes": [
						{"origin": [-8, 12, -2], "size": [4, 12, 4], "inflate": 0.25, "uv": [40, 32]}
					]
				},
				{
					"name": "rightItem",
					"parent": "rightArm",
					"pivot": [-6, 15, 1],
					"locators": {
						"lead_hold": [-6, 15, 1]
					}
				},
				{
					"name": "capeinside",
					"parent": "rightArm",
					"pivot": [0, 4, 9],
					"rotation": [-90, 0, -180]
				},
				{
					"name": "outline",
					"parent": "capeinside",
					"pivot": [0, 4, 9],
					"cubes": [
						{"origin": [-1, 11.75284, 18.50293], "size": [1, 1, 1], "pivot": [0, 4, 9], "rotation": [-20, 0, -180], "uv": [0, 0]},
						{"origin": [-1, 10.75284, 19.50293], "size": [1, 1, 1], "pivot": [0, 4, 9], "rotation": [-20, 0, -180], "uv": [0, 0]},
						{"origin": [-1, 9.75284, 19.50293], "size": [1, 1, 1], "pivot": [0, 4, 9], "rotation": [-20, 0, -180], "uv": [0, 0]},
						{"origin": [-1, 8.75284, 20.50293], "size": [1, 1, 1], "pivot": [0, 4, 9], "rotation": [-20, 0, -180], "uv": [0, 0]},
						{"origin": [-1, 9.75284, 21.50293], "size": [1, 1, 1], "pivot": [0, 4, 9], "rotation": [-20, 0, -180], "uv": [0, 0]},
						{"origin": [-1, 10.75284, 22.50293], "size": [1, 1, 1], "pivot": [0, 4, 9], "rotation": [-20, 0, -180], "uv": [0, 0]},
						{"origin": [-1, 9.75284, 23.50293], "size": [1, 1, 1], "pivot": [0, 4, 9], "rotation": [-20, 0, -180], "uv": [0, 0]},
						{"origin": [-1, 8.75284, 23.50293], "size": [1, 1, 1], "pivot": [0, 4, 9], "rotation": [-20, 0, -180], "uv": [0, 0]},
						{"origin": [-1, 7.75284, 24.50293], "size": [1, 1, 1], "pivot": [0, 4, 9], "rotation": [-20, 0, -180], "uv": [0, 0]},
						{"origin": [-1, 6.75284, 24.50293], "size": [1, 1, 1], "pivot": [0, 4, 9], "rotation": [-20, 0, -180], "uv": [0, 0]},
						{"origin": [-1, 5.75284, 25.50293], "size": [1, 1, 1], "pivot": [0, 4, 9], "rotation": [-20, 0, -180], "uv": [0, 0]},
						{"origin": [-1, 6.75284, 26.50293], "size": [1, 1, 1], "pivot": [0, 4, 9], "rotation": [-20, 0, -180], "uv": [0, 0]},
						{"origin": [-1, 7.75284, 27.50293], "size": [1, 1, 1], "pivot": [0, 4, 9], "rotation": [-20, 0, -180], "uv": [0, 0]},
						{"origin": [-1, 7.75284, 28.50293], "size": [1, 1, 1], "pivot": [0, 4, 9], "rotation": [-20, 0, -180], "uv": [0, 0]},
						{"origin": [-1, 8.75284, 29.50293], "size": [1, 1, 1], "pivot": [0, 4, 9], "rotation": [-20, 0, -180], "uv": [0, 0]},
						{"origin": [-1, 7.75284, 30.50293], "size": [1, 1, 1], "pivot": [0, 4, 9], "rotation": [-20, 0, -180], "uv": [0, 0]},
						{"origin": [-1, 6.75284, 31.50293], "size": [1, 1, 1], "pivot": [0, 4, 9], "rotation": [-20, 0, -180], "uv": [0, 0]},
						{"origin": [-1, 5.75284, 31.50293], "size": [1, 1, 1], "pivot": [0, 4, 9], "rotation": [-20, 0, -180], "uv": [0, 0]},
						{"origin": [-1, 4.75284, 32.50293], "size": [1, 1, 1], "pivot": [0, 4, 9], "rotation": [-20, 0, -180], "uv": [0, 0]},
						{"origin": [-1, 3.75284, 32.50293], "size": [1, 1, 1], "pivot": [0, 4, 9], "rotation": [-20, 0, -180], "uv": [0, 0]},
						{"origin": [-1, 2.75284, 33.50293], "size": [1, 1, 1], "pivot": [0, 4, 9], "rotation": [-20, 0, -180], "uv": [0, 0]},
						{"origin": [-1, 3.75284, 34.50293], "size": [1, 1, 1], "pivot": [0, 4, 9], "rotation": [-20, 0, -180], "uv": [0, 0]},
						{"origin": [-1, 3.75284, 34.50293], "size": [1, 1, 1], "pivot": [0, 4, 9], "rotation": [-20, 0, -180], "uv": [0, 0]},
						{"origin": [-1, 4.75284, 35.50293], "size": [1, 1, 1], "pivot": [0, 4, 9], "rotation": [-20, 0, -180], "uv": [0, 0]},
						{"origin": [-1, 5.75284, 35.50293], "size": [1, 1, 1], "pivot": [0, 4, 9], "rotation": [-20, 0, -180], "uv": [0, 0]},
						{"origin": [-1, 6.75284, 36.50293], "size": [1, 1, 1], "pivot": [0, 4, 9], "rotation": [-20, 0, -180], "uv": [0, 0]},
						{"origin": [-1, 7.75284, 36.50293], "size": [1, 1, 1], "pivot": [0, 4, 9], "rotation": [-20, 0, -180], "uv": [0, 0]},
						{"origin": [-1, 8.75284, 37.50293], "size": [1, 1, 1], "pivot": [0, 4, 9], "rotation": [-20, 0, -180], "uv": [0, 0]},
						{"origin": [-1, 9.75284, 38.50293], "size": [1, 1, 1], "pivot": [0, 4, 9], "rotation": [-20, 0, -180], "uv": [0, 0]},
						{"origin": [-1, 9.75284, 38.50293], "size": [1, 1, 1], "pivot": [0, 4, 9], "rotation": [-20, 0, -180], "uv": [0, 0]},
						{"origin": [-1, 10.75284, 39.50293], "size": [1, 1, 1], "pivot": [0, 4, 9], "rotation": [-20, 0, -180], "uv": [0, 0]},
						{"origin": [-1, 10.75284, 40.50293], "size": [1, 1, 1], "pivot": [0, 4, 9], "rotation": [-20, 0, -180], "uv": [0, 0]},
						{"origin": [-1, 2.75284, 43.50293], "size": [1, 1, 1], "pivot": [0, 4, 9], "rotation": [-20, 0, -180], "uv": [0, 0]},
						{"origin": [-1, 9.75284, 41.50293], "size": [1, 1, 1], "pivot": [0, 4, 9], "rotation": [-20, 0, -180], "uv": [0, 0]},
						{"origin": [-1, 8.75284, 42.50293], "size": [1, 1, 1], "pivot": [0, 4, 9], "rotation": [-20, 0, -180], "uv": [0, 0]},
						{"origin": [-1, 7.75284, 42.50293], "size": [1, 1, 1], "pivot": [0, 4, 9], "rotation": [-20, 0, -180], "uv": [0, 0]},
						{"origin": [-1, 6.75284, 43.50293], "size": [1, 1, 1], "pivot": [0, 4, 9], "rotation": [-20, 0, -180], "uv": [0, 0]},
						{"origin": [-1, 5.75284, 43.50293], "size": [1, 1, 1], "pivot": [0, 4, 9], "rotation": [-20, 0, -180], "uv": [0, 0]},
						{"origin": [-1, 4.75284, 44.50293], "size": [1, 1, 1], "pivot": [0, 4, 9], "rotation": [-20, 0, -180], "uv": [0, 0]},
						{"origin": [-1, 3.75284, 44.50293], "size": [1, 1, 1], "pivot": [0, 4, 9], "rotation": [-20, 0, -180], "uv": [0, 0]},
						{"origin": [-1, 1.75284, 42.50293], "size": [1, 1, 1], "pivot": [0, 4, 9], "rotation": [-20, 0, -180], "uv": [0, 0]},
						{"origin": [-1, 0.75284, 41.50293], "size": [1, 1, 1], "pivot": [0, 4, 9], "rotation": [-20, 0, -180], "uv": [0, 0]},
						{"origin": [-1, -0.24716, 40.50293], "size": [1, 1, 1], "pivot": [0, 4, 9], "rotation": [-20, 0, -180], "uv": [0, 0]},
						{"origin": [-1, -1.24716, 39.50293], "size": [1, 1, 1], "pivot": [0, 4, 9], "rotation": [-20, 0, -180], "uv": [0, 0]},
						{"origin": [-1, -2.24716, 38.50293], "size": [1, 1, 1], "pivot": [0, 4, 9], "rotation": [-20, 0, -180], "uv": [0, 0]},
						{"origin": [-1, -3.24716, 37.50293], "size": [1, 1, 1], "pivot": [0, 4, 9], "rotation": [-20, 0, -180], "uv": [0, 0]},
						{"origin": [-1, -4.24716, 36.50293], "size": [1, 1, 1], "pivot": [0, 4, 9], "rotation": [-20, 0, -180], "uv": [0, 0]},
						{"origin": [-1, -4.24716, 35.50293], "size": [1, 1, 1], "pivot": [0, 4, 9], "rotation": [-20, 0, -180], "uv": [0, 0]},
						{"origin": [-1, -5.24716, 34.50293], "size": [1, 1, 1], "pivot": [0, 4, 9], "rotation": [-20, 0, -180], "uv": [0, 0]},
						{"origin": [-1, -4.24716, 33.50293], "size": [1, 1, 1], "pivot": [0, 4, 9], "rotation": [-20, 0, -180], "uv": [0, 0]},
						{"origin": [-1, -3.24716, 32.50293], "size": [1, 1, 1], "pivot": [0, 4, 9], "rotation": [-20, 0, -180], "uv": [0, 0]},
						{"origin": [-1, -2.24716, 31.50293], "size": [1, 1, 1], "pivot": [0, 4, 9], "rotation": [-20, 0, -180], "uv": [0, 0]},
						{"origin": [-1, -1.24716, 30.50293], "size": [1, 1, 1], "pivot": [0, 4, 9], "rotation": [-20, 0, -180], "uv": [0, 0]},
						{"origin": [-1, -0.24716, 29.50293], "size": [1, 1, 1], "pivot": [0, 4, 9], "rotation": [-20, 0, -180], "uv": [0, 0]},
						{"origin": [-1, 0.75284, 28.50293], "size": [1, 1, 1], "pivot": [0, 4, 9], "rotation": [-20, 0, -180], "uv": [0, 0]},
						{"origin": [-1, 0.75284, 27.50293], "size": [1, 1, 1], "pivot": [0, 4, 9], "rotation": [-20, 0, -180], "uv": [0, 0]},
						{"origin": [-1, -0.24716, 26.50293], "size": [1, 1, 1], "pivot": [0, 4, 9], "rotation": [-20, 0, -180], "uv": [0, 0]},
						{"origin": [-1, -1.24716, 25.50293], "size": [1, 1, 1], "pivot": [0, 4, 9], "rotation": [-20, 0, -180], "uv": [0, 0]},
						{"origin": [-1, -0.24716, 24.50293], "size": [1, 1, 1], "pivot": [0, 4, 9], "rotation": [-20, 0, -180], "uv": [0, 0]},
						{"origin": [-1, 0.75284, 23.50293], "size": [1, 1, 1], "pivot": [0, 4, 9], "rotation": [-20, 0, -180], "uv": [0, 0]},
						{"origin": [-1, 1.75284, 22.50293], "size": [1, 1, 1], "pivot": [0, 4, 9], "rotation": [-20, 0, -180], "uv": [0, 0]},
						{"origin": [-1, 2.75284, 21.50293], "size": [1, 1, 1], "pivot": [0, 4, 9], "rotation": [-20, 0, -180], "uv": [0, 0]},
						{"origin": [-1, 3.75284, 20.50293], "size": [1, 1, 1], "pivot": [0, 4, 9], "rotation": [-20, 0, -180], "uv": [0, 0]},
						{"origin": [-1, 4.75284, 19.50293], "size": [1, 1, 1], "pivot": [0, 4, 9], "rotation": [-20, 0, -180], "uv": [0, 0]},
						{"origin": [-1, 4.75284, 18.50293], "size": [1, 1, 1], "pivot": [0, 4, 9], "rotation": [-20, 0, -180], "uv": [0, 0]},
						{"origin": [-1, 5.75284, 17.50293], "size": [1, 1, 1], "pivot": [0, 4, 9], "rotation": [-20, 0, -180], "uv": [0, 0]},
						{"origin": [-1, 6.75284, 17.50293], "size": [1, 1, 1], "pivot": [0, 4, 9], "rotation": [-20, 0, -180], "uv": [0, 0]},
						{"origin": [-1, 6.75284, 16.50293], "size": [1, 1, 1], "pivot": [0, 4, 9], "rotation": [-20, 0, -180], "uv": [0, 0]},
						{"origin": [-1, 7.75284, 16.50293], "size": [1, 1, 1], "pivot": [0, 4, 9], "rotation": [-20, 0, -180], "uv": [0, 0]},
						{"origin": [-1, 8.75284, 16.50293], "size": [1, 1, 1], "pivot": [0, 4, 9], "rotation": [-20, 0, -180], "uv": [0, 0]},
						{"origin": [-1, 9.75284, 16.50293], "size": [1, 1, 1], "pivot": [0, 4, 9], "rotation": [-20, 0, -180], "uv": [0, 0]},
						{"origin": [-1, 10.75284, 16.50293], "size": [1, 1, 1], "pivot": [0, 4, 9], "rotation": [-20, 0, -180], "uv": [0, 0]},
						{"origin": [-1, 11.75284, 17.50293], "size": [1, 1, 1], "pivot": [0, 4, 9], "rotation": [-20, 0, -180], "uv": [0, 0]}
					]
				},
				{
					"name": "outline2",
					"parent": "capeinside",
					"pivot": [1, 4, 9],
					"cubes": [
						{"origin": [0, 11.75284, 18.50293], "size": [1, 1, 1], "pivot": [0, 4, 9], "rotation": [-20, 0, -180], "uv": [0, 0]},
						{"origin": [0, 10.75284, 19.50293], "size": [1, 1, 1], "pivot": [0, 4, 9], "rotation": [-20, 0, -180], "uv": [0, 0]},
						{"origin": [0, 9.75284, 19.50293], "size": [1, 1, 1], "pivot": [0, 4, 9], "rotation": [-20, 0, -180], "uv": [0, 0]},
						{"origin": [0, 8.75284, 20.50293], "size": [1, 1, 1], "pivot": [0, 4, 9], "rotation": [-20, 0, -180], "uv": [0, 0]},
						{"origin": [0, 9.75284, 21.50293], "size": [1, 1, 1], "pivot": [0, 4, 9], "rotation": [-20, 0, -180], "uv": [0, 0]},
						{"origin": [0, 10.75284, 22.50293], "size": [1, 1, 1], "pivot": [0, 4, 9], "rotation": [-20, 0, -180], "uv": [0, 0]},
						{"origin": [0, 9.75284, 23.50293], "size": [1, 1, 1], "pivot": [0, 4, 9], "rotation": [-20, 0, -180], "uv": [0, 0]},
						{"origin": [0, 8.75284, 23.50293], "size": [1, 1, 1], "pivot": [0, 4, 9], "rotation": [-20, 0, -180], "uv": [0, 0]},
						{"origin": [0, 7.75284, 24.50293], "size": [1, 1, 1], "pivot": [0, 4, 9], "rotation": [-20, 0, -180], "uv": [0, 0]},
						{"origin": [0, 6.75284, 24.50293], "size": [1, 1, 1], "pivot": [0, 4, 9], "rotation": [-20, 0, -180], "uv": [0, 0]},
						{"origin": [0, 5.75284, 25.50293], "size": [1, 1, 1], "pivot": [0, 4, 9], "rotation": [-20, 0, -180], "uv": [0, 0]},
						{"origin": [0, 6.75284, 26.50293], "size": [1, 1, 1], "pivot": [0, 4, 9], "rotation": [-20, 0, -180], "uv": [0, 0]},
						{"origin": [0, 7.75284, 27.50293], "size": [1, 1, 1], "pivot": [0, 4, 9], "rotation": [-20, 0, -180], "uv": [0, 0]},
						{"origin": [0, 7.75284, 28.50293], "size": [1, 1, 1], "pivot": [0, 4, 9], "rotation": [-20, 0, -180], "uv": [0, 0]},
						{"origin": [0, 8.75284, 29.50293], "size": [1, 1, 1], "pivot": [0, 4, 9], "rotation": [-20, 0, -180], "uv": [0, 0]},
						{"origin": [0, 7.75284, 30.50293], "size": [1, 1, 1], "pivot": [0, 4, 9], "rotation": [-20, 0, -180], "uv": [0, 0]},
						{"origin": [0, 6.75284, 31.50293], "size": [1, 1, 1], "pivot": [0, 4, 9], "rotation": [-20, 0, -180], "uv": [0, 0]},
						{"origin": [0, 5.75284, 31.50293], "size": [1, 1, 1], "pivot": [0, 4, 9], "rotation": [-20, 0, -180], "uv": [0, 0]},
						{"origin": [0, 4.75284, 32.50293], "size": [1, 1, 1], "pivot": [0, 4, 9], "rotation": [-20, 0, -180], "uv": [0, 0]},
						{"origin": [0, 3.75284, 32.50293], "size": [1, 1, 1], "pivot": [0, 4, 9], "rotation": [-20, 0, -180], "uv": [0, 0]},
						{"origin": [0, 2.75284, 33.50293], "size": [1, 1, 1], "pivot": [0, 4, 9], "rotation": [-20, 0, -180], "uv": [0, 0]},
						{"origin": [0, 3.75284, 34.50293], "size": [1, 1, 1], "pivot": [0, 4, 9], "rotation": [-20, 0, -180], "uv": [0, 0]},
						{"origin": [0, 3.75284, 34.50293], "size": [1, 1, 1], "pivot": [0, 4, 9], "rotation": [-20, 0, -180], "uv": [0, 0]},
						{"origin": [0, 4.75284, 35.50293], "size": [1, 1, 1], "pivot": [0, 4, 9], "rotation": [-20, 0, -180], "uv": [0, 0]},
						{"origin": [0, 5.75284, 35.50293], "size": [1, 1, 1], "pivot": [0, 4, 9], "rotation": [-20, 0, -180], "uv": [0, 0]},
						{"origin": [0, 6.75284, 36.50293], "size": [1, 1, 1], "pivot": [0, 4, 9], "rotation": [-20, 0, -180], "uv": [0, 0]},
						{"origin": [0, 7.75284, 36.50293], "size": [1, 1, 1], "pivot": [0, 4, 9], "rotation": [-20, 0, -180], "uv": [0, 0]},
						{"origin": [0, 8.75284, 37.50293], "size": [1, 1, 1], "pivot": [0, 4, 9], "rotation": [-20, 0, -180], "uv": [0, 0]},
						{"origin": [0, 9.75284, 38.50293], "size": [1, 1, 1], "pivot": [0, 4, 9], "rotation": [-20, 0, -180], "uv": [0, 0]},
						{"origin": [0, 9.75284, 38.50293], "size": [1, 1, 1], "pivot": [0, 4, 9], "rotation": [-20, 0, -180], "uv": [0, 0]},
						{"origin": [0, 10.75284, 39.50293], "size": [1, 1, 1], "pivot": [0, 4, 9], "rotation": [-20, 0, -180], "uv": [0, 0]},
						{"origin": [0, 10.75284, 40.50293], "size": [1, 1, 1], "pivot": [0, 4, 9], "rotation": [-20, 0, -180], "uv": [0, 0]},
						{"origin": [0, 2.75284, 43.50293], "size": [1, 1, 1], "pivot": [0, 4, 9], "rotation": [-20, 0, -180], "uv": [0, 0]},
						{"origin": [0, 9.75284, 41.50293], "size": [1, 1, 1], "pivot": [0, 4, 9], "rotation": [-20, 0, -180], "uv": [0, 0]},
						{"origin": [0, 8.75284, 42.50293], "size": [1, 1, 1], "pivot": [0, 4, 9], "rotation": [-20, 0, -180], "uv": [0, 0]},
						{"origin": [0, 7.75284, 42.50293], "size": [1, 1, 1], "pivot": [0, 4, 9], "rotation": [-20, 0, -180], "uv": [0, 0]},
						{"origin": [0, 6.75284, 43.50293], "size": [1, 1, 1], "pivot": [0, 4, 9], "rotation": [-20, 0, -180], "uv": [0, 0]},
						{"origin": [0, 5.75284, 43.50293], "size": [1, 1, 1], "pivot": [0, 4, 9], "rotation": [-20, 0, -180], "uv": [0, 0]},
						{"origin": [0, 4.75284, 44.50293], "size": [1, 1, 1], "pivot": [0, 4, 9], "rotation": [-20, 0, -180], "uv": [0, 0]},
						{"origin": [0, 3.75284, 44.50293], "size": [1, 1, 1], "pivot": [0, 4, 9], "rotation": [-20, 0, -180], "uv": [0, 0]},
						{"origin": [0, 1.75284, 42.50293], "size": [1, 1, 1], "pivot": [0, 4, 9], "rotation": [-20, 0, -180], "uv": [0, 0]},
						{"origin": [0, 0.75284, 41.50293], "size": [1, 1, 1], "pivot": [0, 4, 9], "rotation": [-20, 0, -180], "uv": [0, 0]},
						{"origin": [0, -0.24716, 40.50293], "size": [1, 1, 1], "pivot": [0, 4, 9], "rotation": [-20, 0, -180], "uv": [0, 0]},
						{"origin": [0, -1.24716, 39.50293], "size": [1, 1, 1], "pivot": [0, 4, 9], "rotation": [-20, 0, -180], "uv": [0, 0]},
						{"origin": [0, -2.24716, 38.50293], "size": [1, 1, 1], "pivot": [0, 4, 9], "rotation": [-20, 0, -180], "uv": [0, 0]},
						{"origin": [0, -3.24716, 37.50293], "size": [1, 1, 1], "pivot": [0, 4, 9], "rotation": [-20, 0, -180], "uv": [0, 0]},
						{"origin": [0, -4.24716, 36.50293], "size": [1, 1, 1], "pivot": [0, 4, 9], "rotation": [-20, 0, -180], "uv": [0, 0]},
						{"origin": [0, -4.24716, 35.50293], "size": [1, 1, 1], "pivot": [0, 4, 9], "rotation": [-20, 0, -180], "uv": [0, 0]},
						{"origin": [0, -5.24716, 34.50293], "size": [1, 1, 1], "pivot": [0, 4, 9], "rotation": [-20, 0, -180], "uv": [0, 0]},
						{"origin": [0, -4.24716, 33.50293], "size": [1, 1, 1], "pivot": [0, 4, 9], "rotation": [-20, 0, -180], "uv": [0, 0]},
						{"origin": [0, -3.24716, 32.50293], "size": [1, 1, 1], "pivot": [0, 4, 9], "rotation": [-20, 0, -180], "uv": [0, 0]},
						{"origin": [0, -2.24716, 31.50293], "size": [1, 1, 1], "pivot": [0, 4, 9], "rotation": [-20, 0, -180], "uv": [0, 0]},
						{"origin": [0, -1.24716, 30.50293], "size": [1, 1, 1], "pivot": [0, 4, 9], "rotation": [-20, 0, -180], "uv": [0, 0]},
						{"origin": [0, -0.24716, 29.50293], "size": [1, 1, 1], "pivot": [0, 4, 9], "rotation": [-20, 0, -180], "uv": [0, 0]},
						{"origin": [0, 0.75284, 28.50293], "size": [1, 1, 1], "pivot": [0, 4, 9], "rotation": [-20, 0, -180], "uv": [0, 0]},
						{"origin": [0, 0.75284, 27.50293], "size": [1, 1, 1], "pivot": [0, 4, 9], "rotation": [-20, 0, -180], "uv": [0, 0]},
						{"origin": [0, -0.24716, 26.50293], "size": [1, 1, 1], "pivot": [0, 4, 9], "rotation": [-20, 0, -180], "uv": [0, 0]},
						{"origin": [0, -1.24716, 25.50293], "size": [1, 1, 1], "pivot": [0, 4, 9], "rotation": [-20, 0, -180], "uv": [0, 0]},
						{"origin": [0, -0.24716, 24.50293], "size": [1, 1, 1], "pivot": [0, 4, 9], "rotation": [-20, 0, -180], "uv": [0, 0]},
						{"origin": [0, 0.75284, 23.50293], "size": [1, 1, 1], "pivot": [0, 4, 9], "rotation": [-20, 0, -180], "uv": [0, 0]},
						{"origin": [0, 1.75284, 22.50293], "size": [1, 1, 1], "pivot": [0, 4, 9], "rotation": [-20, 0, -180], "uv": [0, 0]},
						{"origin": [0, 2.75284, 21.50293], "size": [1, 1, 1], "pivot": [0, 4, 9], "rotation": [-20, 0, -180], "uv": [0, 0]},
						{"origin": [0, 3.75284, 20.50293], "size": [1, 1, 1], "pivot": [0, 4, 9], "rotation": [-20, 0, -180], "uv": [0, 0]},
						{"origin": [0, 4.75284, 19.50293], "size": [1, 1, 1], "pivot": [0, 4, 9], "rotation": [-20, 0, -180], "uv": [0, 0]},
						{"origin": [0, 4.75284, 18.50293], "size": [1, 1, 1], "pivot": [0, 4, 9], "rotation": [-20, 0, -180], "uv": [0, 0]},
						{"origin": [0, 5.75284, 17.50293], "size": [1, 1, 1], "pivot": [0, 4, 9], "rotation": [-20, 0, -180], "uv": [0, 0]},
						{"origin": [0, 6.75284, 17.50293], "size": [1, 1, 1], "pivot": [0, 4, 9], "rotation": [-20, 0, -180], "uv": [0, 0]},
						{"origin": [0, 6.75284, 16.50293], "size": [1, 1, 1], "pivot": [0, 4, 9], "rotation": [-20, 0, -180], "uv": [0, 0]},
						{"origin": [0, 7.75284, 16.50293], "size": [1, 1, 1], "pivot": [0, 4, 9], "rotation": [-20, 0, -180], "uv": [0, 0]},
						{"origin": [0, 8.75284, 16.50293], "size": [1, 1, 1], "pivot": [0, 4, 9], "rotation": [-20, 0, -180], "uv": [0, 0]},
						{"origin": [0, 9.75284, 16.50293], "size": [1, 1, 1], "pivot": [0, 4, 9], "rotation": [-20, 0, -180], "uv": [0, 0]},
						{"origin": [0, 10.75284, 16.50293], "size": [1, 1, 1], "pivot": [0, 4, 9], "rotation": [-20, 0, -180], "uv": [0, 0]},
						{"origin": [0, 11.75284, 17.50293], "size": [1, 1, 1], "pivot": [0, 4, 9], "rotation": [-20, 0, -180], "uv": [0, 0]}
					]
				},
				{
					"name": "inner",
					"parent": "capeinside",
					"pivot": [0, 4, 9]
				},
				{
					"name": "out",
					"parent": "inner",
					"pivot": [0, 4, 9],
					"cubes": [
						{"origin": [1, 2.75284, 42.50293], "size": [1, 1, 1], "pivot": [0, 4, 9], "rotation": [-20, 0, -180], "uv": [0, 2]},
						{"origin": [1, 3.75284, 43.50293], "size": [1, 1, 1], "pivot": [0, 4, 9], "rotation": [-20, 0, -180], "uv": [0, 2]},
						{"origin": [1, 4.75284, 43.50293], "size": [1, 1, 1], "pivot": [0, 4, 9], "rotation": [-20, 0, -180], "uv": [0, 2]},
						{"origin": [1, 5.75284, 42.50293], "size": [1, 1, 1], "pivot": [0, 4, 9], "rotation": [-20, 0, -180], "uv": [0, 2]},
						{"origin": [1, 6.75284, 42.50293], "size": [1, 1, 1], "pivot": [0, 4, 9], "rotation": [-20, 0, -180], "uv": [0, 2]},
						{"origin": [1, 7.75284, 41.50293], "size": [1, 1, 1], "pivot": [0, 4, 9], "rotation": [-20, 0, -180], "uv": [0, 2]},
						{"origin": [1, 8.75284, 41.50293], "size": [1, 1, 1], "pivot": [0, 4, 9], "rotation": [-20, 0, -180], "uv": [0, 2]},
						{"origin": [1, 9.75284, 40.50293], "size": [1, 1, 1], "pivot": [0, 4, 9], "rotation": [-20, 0, -180], "uv": [0, 2]},
						{"origin": [1, 9.75284, 39.50293], "size": [1, 1, 1], "pivot": [0, 4, 9], "rotation": [-20, 0, -180], "uv": [0, 2]},
						{"origin": [1, 7.75284, 37.50293], "size": [1, 1, 1], "pivot": [0, 4, 9], "rotation": [-20, 0, -180], "uv": [0, 2]},
						{"origin": [1, 8.75284, 38.50293], "size": [1, 1, 1], "pivot": [0, 4, 9], "rotation": [-20, 0, -180], "uv": [0, 2]},
						{"origin": [1, 8.75284, 39.50293], "size": [1, 1, 1], "pivot": [0, 4, 9], "rotation": [-20, 0, -180], "uv": [0, 2]},
						{"origin": [1, 8.75284, 40.50293], "size": [1, 1, 1], "pivot": [0, 4, 9], "rotation": [-20, 0, -180], "uv": [0, 2]},
						{"origin": [1, 6.75284, 41.50293], "size": [1, 1, 1], "pivot": [0, 4, 9], "rotation": [-20, 0, -180], "uv": [0, 2]},
						{"origin": [1, 5.75284, 41.50293], "size": [1, 1, 1], "pivot": [0, 4, 9], "rotation": [-20, 0, -180], "uv": [0, 2]},
						{"origin": [1, 4.75284, 42.50293], "size": [1, 1, 1], "pivot": [0, 4, 9], "rotation": [-20, 0, -180], "uv": [0, 2]},
						{"origin": [1, 3.75284, 41.50293], "size": [1, 1, 1], "pivot": [0, 4, 9], "rotation": [-20, 0, -180], "uv": [0, 2]},
						{"origin": [1, 4.75284, 41.50293], "size": [1, 1, 1], "pivot": [0, 4, 9], "rotation": [-20, 0, -180], "uv": [0, 2]},
						{"origin": [1, 4.75284, 40.50293], "size": [1, 1, 1], "pivot": [0, 4, 9], "rotation": [-20, 0, -180], "uv": [0, 2]},
						{"origin": [1, 5.75284, 40.50293], "size": [1, 1, 1], "pivot": [0, 4, 9], "rotation": [-20, 0, -180], "uv": [0, 2]},
						{"origin": [1, 7.75284, 39.50293], "size": [1, 1, 1], "pivot": [0, 4, 9], "rotation": [-20, 0, -180], "uv": [0, 2]},
						{"origin": [1, 6.75284, 40.50293], "size": [1, 1, 1], "pivot": [0, 4, 9], "rotation": [-20, 0, -180], "uv": [0, 2]},
						{"origin": [1, 5.75284, 39.50293], "size": [1, 1, 1], "pivot": [0, 4, 9], "rotation": [-20, 0, -180], "uv": [0, 2]},
						{"origin": [1, 4.75284, 39.50293], "size": [1, 1, 1], "pivot": [0, 4, 9], "rotation": [-20, 0, -180], "uv": [0, 2]},
						{"origin": [1, 7.75284, 38.50293], "size": [1, 1, 1], "pivot": [0, 4, 9], "rotation": [-20, 0, -180], "uv": [0, 2]},
						{"origin": [1, 5.75284, 38.50293], "size": [1, 1, 1], "pivot": [0, 4, 9], "rotation": [-20, 0, -180], "uv": [0, 2]},
						{"origin": [1, 4.75284, 38.50293], "size": [1, 1, 1], "pivot": [0, 4, 9], "rotation": [-20, 0, -180], "uv": [0, 2]},
						{"origin": [1, 5.75284, 37.50293], "size": [1, 1, 1], "pivot": [0, 4, 9], "rotation": [-20, 0, -180], "uv": [0, 2]},
						{"origin": [1, 4.75284, 37.50293], "size": [1, 1, 1], "pivot": [0, 4, 9], "rotation": [-20, 0, -180], "uv": [0, 2]},
						{"origin": [1, 3.75284, 37.50293], "size": [1, 1, 1], "pivot": [0, 4, 9], "rotation": [-20, 0, -180], "uv": [0, 2]},
						{"origin": [1, 3.75284, 38.50293], "size": [1, 1, 1], "pivot": [0, 4, 9], "rotation": [-20, 0, -180], "uv": [0, 2]},
						{"origin": [1, 2.75284, 38.50293], "size": [1, 1, 1], "pivot": [0, 4, 9], "rotation": [-20, 0, -180], "uv": [0, 2]},
						{"origin": [1, 2.75284, 40.50293], "size": [1, 1, 1], "pivot": [0, 4, 9], "rotation": [-20, 0, -180], "uv": [0, 2]},
						{"origin": [1, 1.75284, 39.50293], "size": [1, 1, 1], "pivot": [0, 4, 9], "rotation": [-20, 0, -180], "uv": [0, 2]},
						{"origin": [1, 2.75284, 39.50293], "size": [1, 1, 1], "pivot": [0, 4, 9], "rotation": [-20, 0, -180], "uv": [0, 2]},
						{"origin": [1, 0.75284, 38.50293], "size": [1, 1, 1], "pivot": [0, 4, 9], "rotation": [-20, 0, -180], "uv": [0, 2]},
						{"origin": [1, 0.75284, 37.50293], "size": [1, 1, 1], "pivot": [0, 4, 9], "rotation": [-20, 0, -180], "uv": [0, 2]},
						{"origin": [1, -0.24716, 37.50293], "size": [1, 1, 1], "pivot": [0, 4, 9], "rotation": [-20, 0, -180], "uv": [0, 2]},
						{"origin": [1, 1.75284, 37.50293], "size": [1, 1, 1], "pivot": [0, 4, 9], "rotation": [-20, 0, -180], "uv": [0, 2]},
						{"origin": [1, 1.75284, 36.50293], "size": [1, 1, 1], "pivot": [0, 4, 9], "rotation": [-20, 0, -180], "uv": [0, 2]},
						{"origin": [1, 2.75284, 36.50293], "size": [1, 1, 1], "pivot": [0, 4, 9], "rotation": [-20, 0, -180], "uv": [0, 2]},
						{"origin": [1, 3.75284, 36.50293], "size": [1, 1, 1], "pivot": [0, 4, 9], "rotation": [-20, 0, -180], "uv": [0, 2]},
						{"origin": [1, 2.75284, 35.50293], "size": [1, 1, 1], "pivot": [0, 4, 9], "rotation": [-20, 0, -180], "uv": [0, 2]},
						{"origin": [1, 1.75284, 35.50293], "size": [1, 1, 1], "pivot": [0, 4, 9], "rotation": [-20, 0, -180], "uv": [0, 2]},
						{"origin": [1, 1.75284, 34.50293], "size": [1, 1, 1], "pivot": [0, 4, 9], "rotation": [-20, 0, -180], "uv": [0, 2]},
						{"origin": [1, 0.75284, 34.50293], "size": [1, 1, 1], "pivot": [0, 4, 9], "rotation": [-20, 0, -180], "uv": [0, 2]},
						{"origin": [1, -0.24716, 35.50293], "size": [1, 1, 1], "pivot": [0, 4, 9], "rotation": [-20, 0, -180], "uv": [0, 2]},
						{"origin": [1, -1.24716, 36.50293], "size": [1, 1, 1], "pivot": [0, 4, 9], "rotation": [-20, 0, -180], "uv": [0, 2]},
						{"origin": [1, -1.24716, 35.50293], "size": [1, 1, 1], "pivot": [0, 4, 9], "rotation": [-20, 0, -180], "uv": [0, 2]},
						{"origin": [1, -1.24716, 34.50293], "size": [1, 1, 1], "pivot": [0, 4, 9], "rotation": [-20, 0, -180], "uv": [0, 2]},
						{"origin": [1, -3.24716, 34.50293], "size": [1, 1, 1], "pivot": [0, 4, 9], "rotation": [-20, 0, -180], "uv": [0, 2]},
						{"origin": [1, -2.24716, 34.50293], "size": [1, 1, 1], "pivot": [0, 4, 9], "rotation": [-20, 0, -180], "uv": [0, 2]},
						{"origin": [1, -1.24716, 33.50293], "size": [1, 1, 1], "pivot": [0, 4, 9], "rotation": [-20, 0, -180], "uv": [0, 2]},
						{"origin": [1, -0.24716, 33.50293], "size": [1, 1, 1], "pivot": [0, 4, 9], "rotation": [-20, 0, -180], "uv": [0, 2]},
						{"origin": [1, 0.75284, 33.50293], "size": [1, 1, 1], "pivot": [0, 4, 9], "rotation": [-20, 0, -180], "uv": [0, 2]},
						{"origin": [1, -0.24716, 32.50293], "size": [1, 1, 1], "pivot": [0, 4, 9], "rotation": [-20, 0, -180], "uv": [0, 2]},
						{"origin": [1, 0.75284, 32.50293], "size": [1, 1, 1], "pivot": [0, 4, 9], "rotation": [-20, 0, -180], "uv": [0, 2]},
						{"origin": [1, 1.75284, 32.50293], "size": [1, 1, 1], "pivot": [0, 4, 9], "rotation": [-20, 0, -180], "uv": [0, 2]},
						{"origin": [1, 0.75284, 31.50293], "size": [1, 1, 1], "pivot": [0, 4, 9], "rotation": [-20, 0, -180], "uv": [0, 2]},
						{"origin": [1, 1.75284, 31.50293], "size": [1, 1, 1], "pivot": [0, 4, 9], "rotation": [-20, 0, -180], "uv": [0, 2]},
						{"origin": [1, 2.75284, 31.50293], "size": [1, 1, 1], "pivot": [0, 4, 9], "rotation": [-20, 0, -180], "uv": [0, 2]},
						{"origin": [1, 1.75284, 30.50293], "size": [1, 1, 1], "pivot": [0, 4, 9], "rotation": [-20, 0, -180], "uv": [0, 2]},
						{"origin": [1, 2.75284, 30.50293], "size": [1, 1, 1], "pivot": [0, 4, 9], "rotation": [-20, 0, -180], "uv": [0, 2]},
						{"origin": [1, 3.75284, 30.50293], "size": [1, 1, 1], "pivot": [0, 4, 9], "rotation": [-20, 0, -180], "uv": [0, 2]},
						{"origin": [1, 3.75284, 29.50293], "size": [1, 1, 1], "pivot": [0, 4, 9], "rotation": [-20, 0, -180], "uv": [0, 2]},
						{"origin": [1, 2.75284, 29.50293], "size": [1, 1, 1], "pivot": [0, 4, 9], "rotation": [-20, 0, -180], "uv": [0, 2]},
						{"origin": [1, 4.75284, 30.50293], "size": [1, 1, 1], "pivot": [0, 4, 9], "rotation": [-20, 0, -180], "uv": [0, 2]},
						{"origin": [1, 5.75284, 29.50293], "size": [1, 1, 1], "pivot": [0, 4, 9], "rotation": [-20, 0, -180], "uv": [0, 2]},
						{"origin": [1, 6.75284, 29.50293], "size": [1, 1, 1], "pivot": [0, 4, 9], "rotation": [-20, 0, -180], "uv": [0, 2]},
						{"origin": [1, 4.75284, 28.50293], "size": [1, 1, 1], "pivot": [0, 4, 9], "rotation": [-20, 0, -180], "uv": [0, 2]},
						{"origin": [1, 5.75284, 27.50293], "size": [1, 1, 1], "pivot": [0, 4, 9], "rotation": [-20, 0, -180], "uv": [0, 2]},
						{"origin": [1, 5.75284, 28.50293], "size": [1, 1, 1], "pivot": [0, 4, 9], "rotation": [-20, 0, -180], "uv": [0, 2]},
						{"origin": [1, 4.75284, 26.50293], "size": [1, 1, 1], "pivot": [0, 4, 9], "rotation": [-20, 0, -180], "uv": [0, 2]},
						{"origin": [1, 3.75284, 25.50293], "size": [1, 1, 1], "pivot": [0, 4, 9], "rotation": [-20, 0, -180], "uv": [0, 2]},
						{"origin": [1, 3.75284, 27.50293], "size": [1, 1, 1], "pivot": [0, 4, 9], "rotation": [-20, 0, -180], "uv": [0, 2]},
						{"origin": [1, 2.75284, 25.50293], "size": [1, 1, 1], "pivot": [0, 4, 9], "rotation": [-20, 0, -180], "uv": [0, 2]},
						{"origin": [1, 2.75284, 27.50293], "size": [1, 1, 1], "pivot": [0, 4, 9], "rotation": [-20, 0, -180], "uv": [0, 2]},
						{"origin": [1, 1.75284, 26.50293], "size": [1, 1, 1], "pivot": [0, 4, 9], "rotation": [-20, 0, -180], "uv": [0, 2]},
						{"origin": [1, 1.75284, 25.50293], "size": [1, 1, 1], "pivot": [0, 4, 9], "rotation": [-20, 0, -180], "uv": [0, 2]},
						{"origin": [1, 6.75284, 37.50293], "size": [1, 1, 1], "pivot": [0, 4, 9], "rotation": [-20, 0, -180], "uv": [0, 2]},
						{"origin": [1, 5.75284, 36.50293], "size": [1, 1, 1], "pivot": [0, 4, 9], "rotation": [-20, 0, -180], "uv": [0, 2]},
						{"origin": [1, 4.75284, 36.50293], "size": [1, 1, 1], "pivot": [0, 4, 9], "rotation": [-20, 0, -180], "uv": [0, 2]},
						{"origin": [1, 3.75284, 35.50293], "size": [1, 1, 1], "pivot": [0, 4, 9], "rotation": [-20, 0, -180], "uv": [0, 2]},
						{"origin": [1, 2.75284, 34.50293], "size": [1, 1, 1], "pivot": [0, 4, 9], "rotation": [-20, 0, -180], "uv": [0, 2]},
						{"origin": [1, 1.75284, 33.50293], "size": [1, 1, 1], "pivot": [0, 4, 9], "rotation": [-20, 0, -180], "uv": [0, 2]},
						{"origin": [1, 2.75284, 32.50293], "size": [1, 1, 1], "pivot": [0, 4, 9], "rotation": [-20, 0, -180], "uv": [0, 2]},
						{"origin": [1, 3.75284, 31.50293], "size": [1, 1, 1], "pivot": [0, 4, 9], "rotation": [-20, 0, -180], "uv": [0, 2]},
						{"origin": [1, 4.75284, 31.50293], "size": [1, 1, 1], "pivot": [0, 4, 9], "rotation": [-20, 0, -180], "uv": [0, 2]},
						{"origin": [1, 5.75284, 30.50293], "size": [1, 1, 1], "pivot": [0, 4, 9], "rotation": [-20, 0, -180], "uv": [0, 2]},
						{"origin": [1, 6.75284, 30.50293], "size": [1, 1, 1], "pivot": [0, 4, 9], "rotation": [-20, 0, -180], "uv": [0, 2]},
						{"origin": [1, 7.75284, 29.50293], "size": [1, 1, 1], "pivot": [0, 4, 9], "rotation": [-20, 0, -180], "uv": [0, 2]},
						{"origin": [1, 6.75284, 28.50293], "size": [1, 1, 1], "pivot": [0, 4, 9], "rotation": [-20, 0, -180], "uv": [0, 2]},
						{"origin": [1, 5.75284, 26.50293], "size": [1, 1, 1], "pivot": [0, 4, 9], "rotation": [-20, 0, -180], "uv": [0, 2]},
						{"origin": [1, 6.75284, 27.50293], "size": [1, 1, 1], "pivot": [0, 4, 9], "rotation": [-20, 0, -180], "uv": [0, 2]},
						{"origin": [1, 4.75284, 24.50293], "size": [1, 1, 1], "pivot": [0, 4, 9], "rotation": [-20, 0, -180], "uv": [0, 2]},
						{"origin": [1, 4.75284, 25.50293], "size": [1, 1, 1], "pivot": [0, 4, 9], "rotation": [-20, 0, -180], "uv": [0, 2]},
						{"origin": [1, 5.75284, 24.50293], "size": [1, 1, 1], "pivot": [0, 4, 9], "rotation": [-20, 0, -180], "uv": [0, 2]},
						{"origin": [1, 6.75284, 23.50293], "size": [1, 1, 1], "pivot": [0, 4, 9], "rotation": [-20, 0, -180], "uv": [0, 2]},
						{"origin": [1, 7.75284, 23.50293], "size": [1, 1, 1], "pivot": [0, 4, 9], "rotation": [-20, 0, -180], "uv": [0, 2]},
						{"origin": [1, 9.75284, 22.50293], "size": [1, 1, 1], "pivot": [0, 4, 9], "rotation": [-20, 0, -180], "uv": [0, 2]},
						{"origin": [1, 8.75284, 22.50293], "size": [1, 1, 1], "pivot": [0, 4, 9], "rotation": [-20, 0, -180], "uv": [0, 2]},
						{"origin": [1, 8.75284, 21.50293], "size": [1, 1, 1], "pivot": [0, 4, 9], "rotation": [-20, 0, -180], "uv": [0, 2]},
						{"origin": [1, 7.75284, 20.50293], "size": [1, 1, 1], "pivot": [0, 4, 9], "rotation": [-20, 0, -180], "uv": [0, 2]},
						{"origin": [1, 8.75284, 19.50293], "size": [1, 1, 1], "pivot": [0, 4, 9], "rotation": [-20, 0, -180], "uv": [0, 2]},
						{"origin": [1, 10.75284, 18.50293], "size": [1, 1, 1], "pivot": [0, 4, 9], "rotation": [-20, 0, -180], "uv": [0, 2]},
						{"origin": [1, 8.75284, 17.50293], "size": [1, 1, 1], "pivot": [0, 4, 9], "rotation": [-20, 0, -180], "uv": [0, 2]},
						{"origin": [1, 7.75284, 17.50293], "size": [1, 1, 1], "pivot": [0, 4, 9], "rotation": [-20, 0, -180], "uv": [0, 2]},
						{"origin": [1, 5.75284, 18.50293], "size": [1, 1, 1], "pivot": [0, 4, 9], "rotation": [-20, 0, -180], "uv": [0, 2]},
						{"origin": [1, 6.75284, 18.50293], "size": [1, 1, 1], "pivot": [0, 4, 9], "rotation": [-20, 0, -180], "uv": [0, 2]},
						{"origin": [1, 5.75284, 19.50293], "size": [1, 1, 1], "pivot": [0, 4, 9], "rotation": [-20, 0, -180], "uv": [0, 2]},
						{"origin": [1, 4.75284, 20.50293], "size": [1, 1, 1], "pivot": [0, 4, 9], "rotation": [-20, 0, -180], "uv": [0, 2]},
						{"origin": [1, 3.75284, 21.50293], "size": [1, 1, 1], "pivot": [0, 4, 9], "rotation": [-20, 0, -180], "uv": [0, 2]},
						{"origin": [1, 2.75284, 22.50293], "size": [1, 1, 1], "pivot": [0, 4, 9], "rotation": [-20, 0, -180], "uv": [0, 2]},
						{"origin": [1, 1.75284, 23.50293], "size": [1, 1, 1], "pivot": [0, 4, 9], "rotation": [-20, 0, -180], "uv": [0, 2]},
						{"origin": [1, 0.75284, 24.50293], "size": [1, 1, 1], "pivot": [0, 4, 9], "rotation": [-20, 0, -180], "uv": [0, 2]},
						{"origin": [1, -0.24716, 25.50293], "size": [1, 1, 1], "pivot": [0, 4, 9], "rotation": [-20, 0, -180], "uv": [0, 2]},
						{"origin": [1, 0.75284, 26.50293], "size": [1, 1, 1], "pivot": [0, 4, 9], "rotation": [-20, 0, -180], "uv": [0, 2]},
						{"origin": [1, 1.75284, 27.50293], "size": [1, 1, 1], "pivot": [0, 4, 9], "rotation": [-20, 0, -180], "uv": [0, 2]},
						{"origin": [1, 1.75284, 28.50293], "size": [1, 1, 1], "pivot": [0, 4, 9], "rotation": [-20, 0, -180], "uv": [0, 2]},
						{"origin": [1, 0.75284, 29.50293], "size": [1, 1, 1], "pivot": [0, 4, 9], "rotation": [-20, 0, -180], "uv": [0, 2]},
						{"origin": [1, -0.24716, 30.50293], "size": [1, 1, 1], "pivot": [0, 4, 9], "rotation": [-20, 0, -180], "uv": [0, 2]},
						{"origin": [1, -1.24716, 31.50293], "size": [1, 1, 1], "pivot": [0, 4, 9], "rotation": [-20, 0, -180], "uv": [0, 2]},
						{"origin": [1, -2.24716, 32.50293], "size": [1, 1, 1], "pivot": [0, 4, 9], "rotation": [-20, 0, -180], "uv": [0, 2]},
						{"origin": [1, -3.24716, 33.50293], "size": [1, 1, 1], "pivot": [0, 4, 9], "rotation": [-20, 0, -180], "uv": [0, 2]},
						{"origin": [1, -4.24716, 34.50293], "size": [1, 1, 1], "pivot": [0, 4, 9], "rotation": [-20, 0, -180], "uv": [0, 2]},
						{"origin": [1, -3.24716, 35.50293], "size": [1, 1, 1], "pivot": [0, 4, 9], "rotation": [-20, 0, -180], "uv": [0, 2]},
						{"origin": [1, -3.24716, 36.50293], "size": [1, 1, 1], "pivot": [0, 4, 9], "rotation": [-20, 0, -180], "uv": [0, 2]},
						{"origin": [1, -2.24716, 37.50293], "size": [1, 1, 1], "pivot": [0, 4, 9], "rotation": [-20, 0, -180], "uv": [0, 2]},
						{"origin": [1, -1.24716, 38.50293], "size": [1, 1, 1], "pivot": [0, 4, 9], "rotation": [-20, 0, -180], "uv": [0, 2]},
						{"origin": [1, -0.24716, 39.50293], "size": [1, 1, 1], "pivot": [0, 4, 9], "rotation": [-20, 0, -180], "uv": [0, 2]},
						{"origin": [1, 0.75284, 40.50293], "size": [1, 1, 1], "pivot": [0, 4, 9], "rotation": [-20, 0, -180], "uv": [0, 2]},
						{"origin": [1, 1.75284, 41.50293], "size": [1, 1, 1], "pivot": [0, 4, 9], "rotation": [-20, 0, -180], "uv": [0, 2]}
					]
				},
				{
					"name": "in",
					"parent": "inner",
					"pivot": [0, 4, 9],
					"cubes": [
						{"origin": [1, 3.75284, 42.50293], "size": [1, 1, 1], "pivot": [0, 4, 9], "rotation": [-20, 0, -180], "uv": [0, 4]},
						{"origin": [1, 3.75284, 40.50293], "size": [1, 1, 1], "pivot": [0, 4, 9], "rotation": [-20, 0, -180], "uv": [0, 4]},
						{"origin": [1, 3.75284, 39.50293], "size": [1, 1, 1], "pivot": [0, 4, 9], "rotation": [-20, 0, -180], "uv": [0, 4]},
						{"origin": [1, 7.75284, 40.50293], "size": [1, 1, 1], "pivot": [0, 4, 9], "rotation": [-20, 0, -180], "uv": [0, 4]},
						{"origin": [1, 6.75284, 39.50293], "size": [1, 1, 1], "pivot": [0, 4, 9], "rotation": [-20, 0, -180], "uv": [0, 4]},
						{"origin": [1, 6.75284, 38.50293], "size": [1, 1, 1], "pivot": [0, 4, 9], "rotation": [-20, 0, -180], "uv": [0, 4]},
						{"origin": [1, 1.75284, 38.50293], "size": [1, 1, 1], "pivot": [0, 4, 9], "rotation": [-20, 0, -180], "uv": [0, 4]},
						{"origin": [1, 2.75284, 37.50293], "size": [1, 1, 1], "pivot": [0, 4, 9], "rotation": [-20, 0, -180], "uv": [0, 4]},
						{"origin": [1, -0.24716, 36.50293], "size": [1, 1, 1], "pivot": [0, 4, 9], "rotation": [-20, 0, -180], "uv": [0, 4]},
						{"origin": [1, 0.75284, 36.50293], "size": [1, 1, 1], "pivot": [0, 4, 9], "rotation": [-20, 0, -180], "uv": [0, 4]},
						{"origin": [1, 0.75284, 35.50293], "size": [1, 1, 1], "pivot": [0, 4, 9], "rotation": [-20, 0, -180], "uv": [0, 4]},
						{"origin": [1, -0.24716, 34.50293], "size": [1, 1, 1], "pivot": [0, 4, 9], "rotation": [-20, 0, -180], "uv": [0, 4]},
						{"origin": [1, 2.75284, 28.50293], "size": [1, 1, 1], "pivot": [0, 4, 9], "rotation": [-20, 0, -180], "uv": [0, 4]},
						{"origin": [1, 3.75284, 28.50293], "size": [1, 1, 1], "pivot": [0, 4, 9], "rotation": [-20, 0, -180], "uv": [0, 4]},
						{"origin": [1, 4.75284, 27.50293], "size": [1, 1, 1], "pivot": [0, 4, 9], "rotation": [-20, 0, -180], "uv": [0, 4]},
						{"origin": [1, 3.75284, 26.50293], "size": [1, 1, 1], "pivot": [0, 4, 9], "rotation": [-20, 0, -180], "uv": [0, 4]},
						{"origin": [1, 2.75284, 26.50293], "size": [1, 1, 1], "pivot": [0, 4, 9], "rotation": [-20, 0, -180], "uv": [0, 4]},
						{"origin": [1, 4.75284, 29.50293], "size": [1, 1, 1], "pivot": [0, 4, 9], "rotation": [-20, 0, -180], "uv": [0, 4]},
						{"origin": [1, 2.75284, 41.50293], "size": [1, 1, 1], "pivot": [0, 4, 9], "rotation": [-20, 0, -180], "uv": [0, 4]},
						{"origin": [1, 1.75284, 40.50293], "size": [1, 1, 1], "pivot": [0, 4, 9], "rotation": [-20, 0, -180], "uv": [0, 4]},
						{"origin": [1, 0.75284, 39.50293], "size": [1, 1, 1], "pivot": [0, 4, 9], "rotation": [-20, 0, -180], "uv": [0, 4]},
						{"origin": [1, -0.24716, 38.50293], "size": [1, 1, 1], "pivot": [0, 4, 9], "rotation": [-20, 0, -180], "uv": [0, 4]},
						{"origin": [1, -1.24716, 37.50293], "size": [1, 1, 1], "pivot": [0, 4, 9], "rotation": [-20, 0, -180], "uv": [0, 4]},
						{"origin": [1, -2.24716, 36.50293], "size": [1, 1, 1], "pivot": [0, 4, 9], "rotation": [-20, 0, -180], "uv": [0, 4]},
						{"origin": [1, -2.24716, 35.50293], "size": [1, 1, 1], "pivot": [0, 4, 9], "rotation": [-20, 0, -180], "uv": [0, 4]},
						{"origin": [1, -1.24716, 32.50293], "size": [1, 1, 1], "pivot": [0, 4, 9], "rotation": [-20, 0, -180], "uv": [0, 4]},
						{"origin": [1, -2.24716, 33.50293], "size": [1, 1, 1], "pivot": [0, 4, 9], "rotation": [-20, 0, -180], "uv": [0, 4]},
						{"origin": [1, -0.24716, 31.50293], "size": [1, 1, 1], "pivot": [0, 4, 9], "rotation": [-20, 0, -180], "uv": [0, 4]},
						{"origin": [1, 0.75284, 30.50293], "size": [1, 1, 1], "pivot": [0, 4, 9], "rotation": [-20, 0, -180], "uv": [0, 4]},
						{"origin": [1, 1.75284, 29.50293], "size": [1, 1, 1], "pivot": [0, 4, 9], "rotation": [-20, 0, -180], "uv": [0, 4]},
						{"origin": [1, 0.75284, 25.50293], "size": [1, 1, 1], "pivot": [0, 4, 9], "rotation": [-20, 0, -180], "uv": [0, 4]},
						{"origin": [1, 1.75284, 24.50293], "size": [1, 1, 1], "pivot": [0, 4, 9], "rotation": [-20, 0, -180], "uv": [0, 4]},
						{"origin": [1, 2.75284, 23.50293], "size": [1, 1, 1], "pivot": [0, 4, 9], "rotation": [-20, 0, -180], "uv": [0, 4]}
					]
				},
				{
					"name": "gray",
					"parent": "inner",
					"pivot": [0, 4, 9],
					"cubes": [
						{"origin": [1, 10.75284, 17.50293], "size": [1, 1, 1], "pivot": [0, 4, 9], "rotation": [-20, 0, -180], "uv": [4, 0]},
						{"origin": [1, 9.75284, 17.50293], "size": [1, 1, 1], "pivot": [0, 4, 9], "rotation": [-20, 0, -180], "uv": [4, 0]},
						{"origin": [1, 9.75284, 18.50293], "size": [1, 1, 1], "pivot": [0, 4, 9], "rotation": [-20, 0, -180], "uv": [4, 0]},
						{"origin": [1, 8.75284, 18.50293], "size": [1, 1, 1], "pivot": [0, 4, 9], "rotation": [-20, 0, -180], "uv": [4, 0]},
						{"origin": [1, 7.75284, 18.50293], "size": [1, 1, 1], "pivot": [0, 4, 9], "rotation": [-20, 0, -180], "uv": [4, 0]},
						{"origin": [1, 7.75284, 19.50293], "size": [1, 1, 1], "pivot": [0, 4, 9], "rotation": [-20, 0, -180], "uv": [4, 0]},
						{"origin": [1, 6.75284, 19.50293], "size": [1, 1, 1], "pivot": [0, 4, 9], "rotation": [-20, 0, -180], "uv": [4, 0]},
						{"origin": [1, 6.75284, 20.50293], "size": [1, 1, 1], "pivot": [0, 4, 9], "rotation": [-20, 0, -180], "uv": [4, 0]},
						{"origin": [1, 5.75284, 20.50293], "size": [1, 1, 1], "pivot": [0, 4, 9], "rotation": [-20, 0, -180], "uv": [4, 0]},
						{"origin": [1, 7.75284, 21.50293], "size": [1, 1, 1], "pivot": [0, 4, 9], "rotation": [-20, 0, -180], "uv": [4, 0]},
						{"origin": [1, 6.75284, 21.50293], "size": [1, 1, 1], "pivot": [0, 4, 9], "rotation": [-20, 0, -180], "uv": [4, 0]},
						{"origin": [1, 5.75284, 21.50293], "size": [1, 1, 1], "pivot": [0, 4, 9], "rotation": [-20, 0, -180], "uv": [4, 0]},
						{"origin": [1, 4.75284, 21.50293], "size": [1, 1, 1], "pivot": [0, 4, 9], "rotation": [-20, 0, -180], "uv": [4, 0]},
						{"origin": [1, 7.75284, 22.50293], "size": [1, 1, 1], "pivot": [0, 4, 9], "rotation": [-20, 0, -180], "uv": [4, 0]},
						{"origin": [1, 6.75284, 22.50293], "size": [1, 1, 1], "pivot": [0, 4, 9], "rotation": [-20, 0, -180], "uv": [4, 0]},
						{"origin": [1, 5.75284, 22.50293], "size": [1, 1, 1], "pivot": [0, 4, 9], "rotation": [-20, 0, -180], "uv": [4, 0]},
						{"origin": [1, 4.75284, 22.50293], "size": [1, 1, 1], "pivot": [0, 4, 9], "rotation": [-20, 0, -180], "uv": [4, 0]},
						{"origin": [1, 3.75284, 22.50293], "size": [1, 1, 1], "pivot": [0, 4, 9], "rotation": [-20, 0, -180], "uv": [4, 0]},
						{"origin": [1, 3.75284, 23.50293], "size": [1, 1, 1], "pivot": [0, 4, 9], "rotation": [-20, 0, -180], "uv": [4, 0]},
						{"origin": [1, 4.75284, 23.50293], "size": [1, 1, 1], "pivot": [0, 4, 9], "rotation": [-20, 0, -180], "uv": [4, 0]},
						{"origin": [1, 5.75284, 23.50293], "size": [1, 1, 1], "pivot": [0, 4, 9], "rotation": [-20, 0, -180], "uv": [4, 0]},
						{"origin": [1, 3.75284, 24.50293], "size": [1, 1, 1], "pivot": [0, 4, 9], "rotation": [-20, 0, -180], "uv": [4, 0]},
						{"origin": [1, 2.75284, 24.50293], "size": [1, 1, 1], "pivot": [0, 4, 9], "rotation": [-20, 0, -180], "uv": [4, 0]}
					]
				},
				{
					"name": "inner2",
					"parent": "capeinside",
					"pivot": [-3, 4, 9]
				},
				{
					"name": "out2",
					"parent": "inner2",
					"pivot": [-3, 4, 9],
					"cubes": [
						{"origin": [-2, 2.75284, 42.50293], "size": [1, 1, 1], "pivot": [0, 4, 9], "rotation": [-20, 0, -180], "uv": [0, 2]},
						{"origin": [-2, 3.75284, 43.50293], "size": [1, 1, 1], "pivot": [0, 4, 9], "rotation": [-20, 0, -180], "uv": [0, 2]},
						{"origin": [-2, 4.75284, 43.50293], "size": [1, 1, 1], "pivot": [0, 4, 9], "rotation": [-20, 0, -180], "uv": [0, 2]},
						{"origin": [-2, 5.75284, 42.50293], "size": [1, 1, 1], "pivot": [0, 4, 9], "rotation": [-20, 0, -180], "uv": [0, 2]},
						{"origin": [-2, 6.75284, 42.50293], "size": [1, 1, 1], "pivot": [0, 4, 9], "rotation": [-20, 0, -180], "uv": [0, 2]},
						{"origin": [-2, 7.75284, 41.50293], "size": [1, 1, 1], "pivot": [0, 4, 9], "rotation": [-20, 0, -180], "uv": [0, 2]},
						{"origin": [-2, 8.75284, 41.50293], "size": [1, 1, 1], "pivot": [0, 4, 9], "rotation": [-20, 0, -180], "uv": [0, 2]},
						{"origin": [-2, 9.75284, 40.50293], "size": [1, 1, 1], "pivot": [0, 4, 9], "rotation": [-20, 0, -180], "uv": [0, 2]},
						{"origin": [-2, 9.75284, 39.50293], "size": [1, 1, 1], "pivot": [0, 4, 9], "rotation": [-20, 0, -180], "uv": [0, 2]},
						{"origin": [-2, 7.75284, 37.50293], "size": [1, 1, 1], "pivot": [0, 4, 9], "rotation": [-20, 0, -180], "uv": [0, 2]},
						{"origin": [-2, 8.75284, 38.50293], "size": [1, 1, 1], "pivot": [0, 4, 9], "rotation": [-20, 0, -180], "uv": [0, 2]},
						{"origin": [-2, 8.75284, 39.50293], "size": [1, 1, 1], "pivot": [0, 4, 9], "rotation": [-20, 0, -180], "uv": [0, 2]},
						{"origin": [-2, 8.75284, 40.50293], "size": [1, 1, 1], "pivot": [0, 4, 9], "rotation": [-20, 0, -180], "uv": [0, 2]},
						{"origin": [-2, 6.75284, 41.50293], "size": [1, 1, 1], "pivot": [0, 4, 9], "rotation": [-20, 0, -180], "uv": [0, 2]},
						{"origin": [-2, 5.75284, 41.50293], "size": [1, 1, 1], "pivot": [0, 4, 9], "rotation": [-20, 0, -180], "uv": [0, 2]},
						{"origin": [-2, 4.75284, 42.50293], "size": [1, 1, 1], "pivot": [0, 4, 9], "rotation": [-20, 0, -180], "uv": [0, 2]},
						{"origin": [-2, 3.75284, 41.50293], "size": [1, 1, 1], "pivot": [0, 4, 9], "rotation": [-20, 0, -180], "uv": [0, 2]},
						{"origin": [-2, 4.75284, 41.50293], "size": [1, 1, 1], "pivot": [0, 4, 9], "rotation": [-20, 0, -180], "uv": [0, 2]},
						{"origin": [-2, 4.75284, 40.50293], "size": [1, 1, 1], "pivot": [0, 4, 9], "rotation": [-20, 0, -180], "uv": [0, 2]},
						{"origin": [-2, 5.75284, 40.50293], "size": [1, 1, 1], "pivot": [0, 4, 9], "rotation": [-20, 0, -180], "uv": [0, 2]},
						{"origin": [-2, 7.75284, 39.50293], "size": [1, 1, 1], "pivot": [0, 4, 9], "rotation": [-20, 0, -180], "uv": [0, 2]},
						{"origin": [-2, 6.75284, 40.50293], "size": [1, 1, 1], "pivot": [0, 4, 9], "rotation": [-20, 0, -180], "uv": [0, 2]},
						{"origin": [-2, 5.75284, 39.50293], "size": [1, 1, 1], "pivot": [0, 4, 9], "rotation": [-20, 0, -180], "uv": [0, 2]},
						{"origin": [-2, 4.75284, 39.50293], "size": [1, 1, 1], "pivot": [0, 4, 9], "rotation": [-20, 0, -180], "uv": [0, 2]},
						{"origin": [-2, 7.75284, 38.50293], "size": [1, 1, 1], "pivot": [0, 4, 9], "rotation": [-20, 0, -180], "uv": [0, 2]},
						{"origin": [-2, 5.75284, 38.50293], "size": [1, 1, 1], "pivot": [0, 4, 9], "rotation": [-20, 0, -180], "uv": [0, 2]},
						{"origin": [-2, 4.75284, 38.50293], "size": [1, 1, 1], "pivot": [0, 4, 9], "rotation": [-20, 0, -180], "uv": [0, 2]},
						{"origin": [-2, 5.75284, 37.50293], "size": [1, 1, 1], "pivot": [0, 4, 9], "rotation": [-20, 0, -180], "uv": [0, 2]},
						{"origin": [-2, 4.75284, 37.50293], "size": [1, 1, 1], "pivot": [0, 4, 9], "rotation": [-20, 0, -180], "uv": [0, 2]},
						{"origin": [-2, 3.75284, 37.50293], "size": [1, 1, 1], "pivot": [0, 4, 9], "rotation": [-20, 0, -180], "uv": [0, 2]},
						{"origin": [-2, 3.75284, 38.50293], "size": [1, 1, 1], "pivot": [0, 4, 9], "rotation": [-20, 0, -180], "uv": [0, 2]},
						{"origin": [-2, 2.75284, 38.50293], "size": [1, 1, 1], "pivot": [0, 4, 9], "rotation": [-20, 0, -180], "uv": [0, 2]},
						{"origin": [-2, 2.75284, 40.50293], "size": [1, 1, 1], "pivot": [0, 4, 9], "rotation": [-20, 0, -180], "uv": [0, 2]},
						{"origin": [-2, 1.75284, 39.50293], "size": [1, 1, 1], "pivot": [0, 4, 9], "rotation": [-20, 0, -180], "uv": [0, 2]},
						{"origin": [-2, 2.75284, 39.50293], "size": [1, 1, 1], "pivot": [0, 4, 9], "rotation": [-20, 0, -180], "uv": [0, 2]},
						{"origin": [-2, 0.75284, 38.50293], "size": [1, 1, 1], "pivot": [0, 4, 9], "rotation": [-20, 0, -180], "uv": [0, 2]},
						{"origin": [-2, 0.75284, 37.50293], "size": [1, 1, 1], "pivot": [0, 4, 9], "rotation": [-20, 0, -180], "uv": [0, 2]},
						{"origin": [-2, -0.24716, 37.50293], "size": [1, 1, 1], "pivot": [0, 4, 9], "rotation": [-20, 0, -180], "uv": [0, 2]},
						{"origin": [-2, 1.75284, 37.50293], "size": [1, 1, 1], "pivot": [0, 4, 9], "rotation": [-20, 0, -180], "uv": [0, 2]},
						{"origin": [-2, 1.75284, 36.50293], "size": [1, 1, 1], "pivot": [0, 4, 9], "rotation": [-20, 0, -180], "uv": [0, 2]},
						{"origin": [-2, 2.75284, 36.50293], "size": [1, 1, 1], "pivot": [0, 4, 9], "rotation": [-20, 0, -180], "uv": [0, 2]},
						{"origin": [-2, 3.75284, 36.50293], "size": [1, 1, 1], "pivot": [0, 4, 9], "rotation": [-20, 0, -180], "uv": [0, 2]},
						{"origin": [-2, 2.75284, 35.50293], "size": [1, 1, 1], "pivot": [0, 4, 9], "rotation": [-20, 0, -180], "uv": [0, 2]},
						{"origin": [-2, 1.75284, 35.50293], "size": [1, 1, 1], "pivot": [0, 4, 9], "rotation": [-20, 0, -180], "uv": [0, 2]},
						{"origin": [-2, 1.75284, 34.50293], "size": [1, 1, 1], "pivot": [0, 4, 9], "rotation": [-20, 0, -180], "uv": [0, 2]},
						{"origin": [-2, 0.75284, 34.50293], "size": [1, 1, 1], "pivot": [0, 4, 9], "rotation": [-20, 0, -180], "uv": [0, 2]},
						{"origin": [-2, -0.24716, 35.50293], "size": [1, 1, 1], "pivot": [0, 4, 9], "rotation": [-20, 0, -180], "uv": [0, 2]},
						{"origin": [-2, -1.24716, 36.50293], "size": [1, 1, 1], "pivot": [0, 4, 9], "rotation": [-20, 0, -180], "uv": [0, 2]},
						{"origin": [-2, -1.24716, 35.50293], "size": [1, 1, 1], "pivot": [0, 4, 9], "rotation": [-20, 0, -180], "uv": [0, 2]},
						{"origin": [-2, -1.24716, 34.50293], "size": [1, 1, 1], "pivot": [0, 4, 9], "rotation": [-20, 0, -180], "uv": [0, 2]},
						{"origin": [-2, -3.24716, 34.50293], "size": [1, 1, 1], "pivot": [0, 4, 9], "rotation": [-20, 0, -180], "uv": [0, 2]},
						{"origin": [-2, -2.24716, 34.50293], "size": [1, 1, 1], "pivot": [0, 4, 9], "rotation": [-20, 0, -180], "uv": [0, 2]},
						{"origin": [-2, -1.24716, 33.50293], "size": [1, 1, 1], "pivot": [0, 4, 9], "rotation": [-20, 0, -180], "uv": [0, 2]},
						{"origin": [-2, -0.24716, 33.50293], "size": [1, 1, 1], "pivot": [0, 4, 9], "rotation": [-20, 0, -180], "uv": [0, 2]},
						{"origin": [-2, 0.75284, 33.50293], "size": [1, 1, 1], "pivot": [0, 4, 9], "rotation": [-20, 0, -180], "uv": [0, 2]},
						{"origin": [-2, -0.24716, 32.50293], "size": [1, 1, 1], "pivot": [0, 4, 9], "rotation": [-20, 0, -180], "uv": [0, 2]},
						{"origin": [-2, 0.75284, 32.50293], "size": [1, 1, 1], "pivot": [0, 4, 9], "rotation": [-20, 0, -180], "uv": [0, 2]},
						{"origin": [-2, 1.75284, 32.50293], "size": [1, 1, 1], "pivot": [0, 4, 9], "rotation": [-20, 0, -180], "uv": [0, 2]},
						{"origin": [-2, 0.75284, 31.50293], "size": [1, 1, 1], "pivot": [0, 4, 9], "rotation": [-20, 0, -180], "uv": [0, 2]},
						{"origin": [-2, 1.75284, 31.50293], "size": [1, 1, 1], "pivot": [0, 4, 9], "rotation": [-20, 0, -180], "uv": [0, 2]},
						{"origin": [-2, 2.75284, 31.50293], "size": [1, 1, 1], "pivot": [0, 4, 9], "rotation": [-20, 0, -180], "uv": [0, 2]},
						{"origin": [-2, 1.75284, 30.50293], "size": [1, 1, 1], "pivot": [0, 4, 9], "rotation": [-20, 0, -180], "uv": [0, 2]},
						{"origin": [-2, 2.75284, 30.50293], "size": [1, 1, 1], "pivot": [0, 4, 9], "rotation": [-20, 0, -180], "uv": [0, 2]},
						{"origin": [-2, 3.75284, 30.50293], "size": [1, 1, 1], "pivot": [0, 4, 9], "rotation": [-20, 0, -180], "uv": [0, 2]},
						{"origin": [-2, 3.75284, 29.50293], "size": [1, 1, 1], "pivot": [0, 4, 9], "rotation": [-20, 0, -180], "uv": [0, 2]},
						{"origin": [-2, 2.75284, 29.50293], "size": [1, 1, 1], "pivot": [0, 4, 9], "rotation": [-20, 0, -180], "uv": [0, 2]},
						{"origin": [-2, 4.75284, 30.50293], "size": [1, 1, 1], "pivot": [0, 4, 9], "rotation": [-20, 0, -180], "uv": [0, 2]},
						{"origin": [-2, 5.75284, 29.50293], "size": [1, 1, 1], "pivot": [0, 4, 9], "rotation": [-20, 0, -180], "uv": [0, 2]},
						{"origin": [-2, 6.75284, 29.50293], "size": [1, 1, 1], "pivot": [0, 4, 9], "rotation": [-20, 0, -180], "uv": [0, 2]},
						{"origin": [-2, 4.75284, 28.50293], "size": [1, 1, 1], "pivot": [0, 4, 9], "rotation": [-20, 0, -180], "uv": [0, 2]},
						{"origin": [-2, 5.75284, 27.50293], "size": [1, 1, 1], "pivot": [0, 4, 9], "rotation": [-20, 0, -180], "uv": [0, 2]},
						{"origin": [-2, 5.75284, 28.50293], "size": [1, 1, 1], "pivot": [0, 4, 9], "rotation": [-20, 0, -180], "uv": [0, 2]},
						{"origin": [-2, 4.75284, 26.50293], "size": [1, 1, 1], "pivot": [0, 4, 9], "rotation": [-20, 0, -180], "uv": [0, 2]},
						{"origin": [-2, 3.75284, 25.50293], "size": [1, 1, 1], "pivot": [0, 4, 9], "rotation": [-20, 0, -180], "uv": [0, 2]},
						{"origin": [-2, 3.75284, 27.50293], "size": [1, 1, 1], "pivot": [0, 4, 9], "rotation": [-20, 0, -180], "uv": [0, 2]},
						{"origin": [-2, 2.75284, 25.50293], "size": [1, 1, 1], "pivot": [0, 4, 9], "rotation": [-20, 0, -180], "uv": [0, 2]},
						{"origin": [-2, 2.75284, 27.50293], "size": [1, 1, 1], "pivot": [0, 4, 9], "rotation": [-20, 0, -180], "uv": [0, 2]},
						{"origin": [-2, 1.75284, 26.50293], "size": [1, 1, 1], "pivot": [0, 4, 9], "rotation": [-20, 0, -180], "uv": [0, 2]},
						{"origin": [-2, 1.75284, 25.50293], "size": [1, 1, 1], "pivot": [0, 4, 9], "rotation": [-20, 0, -180], "uv": [0, 2]},
						{"origin": [-2, 6.75284, 37.50293], "size": [1, 1, 1], "pivot": [0, 4, 9], "rotation": [-20, 0, -180], "uv": [0, 2]},
						{"origin": [-2, 5.75284, 36.50293], "size": [1, 1, 1], "pivot": [0, 4, 9], "rotation": [-20, 0, -180], "uv": [0, 2]},
						{"origin": [-2, 4.75284, 36.50293], "size": [1, 1, 1], "pivot": [0, 4, 9], "rotation": [-20, 0, -180], "uv": [0, 2]},
						{"origin": [-2, 3.75284, 35.50293], "size": [1, 1, 1], "pivot": [0, 4, 9], "rotation": [-20, 0, -180], "uv": [0, 2]},
						{"origin": [-2, 2.75284, 34.50293], "size": [1, 1, 1], "pivot": [0, 4, 9], "rotation": [-20, 0, -180], "uv": [0, 2]},
						{"origin": [-2, 1.75284, 33.50293], "size": [1, 1, 1], "pivot": [0, 4, 9], "rotation": [-20, 0, -180], "uv": [0, 2]},
						{"origin": [-2, 2.75284, 32.50293], "size": [1, 1, 1], "pivot": [0, 4, 9], "rotation": [-20, 0, -180], "uv": [0, 2]},
						{"origin": [-2, 3.75284, 31.50293], "size": [1, 1, 1], "pivot": [0, 4, 9], "rotation": [-20, 0, -180], "uv": [0, 2]},
						{"origin": [-2, 4.75284, 31.50293], "size": [1, 1, 1], "pivot": [0, 4, 9], "rotation": [-20, 0, -180], "uv": [0, 2]},
						{"origin": [-2, 5.75284, 30.50293], "size": [1, 1, 1], "pivot": [0, 4, 9], "rotation": [-20, 0, -180], "uv": [0, 2]},
						{"origin": [-2, 6.75284, 30.50293], "size": [1, 1, 1], "pivot": [0, 4, 9], "rotation": [-20, 0, -180], "uv": [0, 2]},
						{"origin": [-2, 7.75284, 29.50293], "size": [1, 1, 1], "pivot": [0, 4, 9], "rotation": [-20, 0, -180], "uv": [0, 2]},
						{"origin": [-2, 6.75284, 28.50293], "size": [1, 1, 1], "pivot": [0, 4, 9], "rotation": [-20, 0, -180], "uv": [0, 2]},
						{"origin": [-2, 5.75284, 26.50293], "size": [1, 1, 1], "pivot": [0, 4, 9], "rotation": [-20, 0, -180], "uv": [0, 2]},
						{"origin": [-2, 6.75284, 27.50293], "size": [1, 1, 1], "pivot": [0, 4, 9], "rotation": [-20, 0, -180], "uv": [0, 2]},
						{"origin": [-2, 4.75284, 24.50293], "size": [1, 1, 1], "pivot": [0, 4, 9], "rotation": [-20, 0, -180], "uv": [0, 2]},
						{"origin": [-2, 4.75284, 25.50293], "size": [1, 1, 1], "pivot": [0, 4, 9], "rotation": [-20, 0, -180], "uv": [0, 2]},
						{"origin": [-2, 5.75284, 24.50293], "size": [1, 1, 1], "pivot": [0, 4, 9], "rotation": [-20, 0, -180], "uv": [0, 2]},
						{"origin": [-2, 6.75284, 23.50293], "size": [1, 1, 1], "pivot": [0, 4, 9], "rotation": [-20, 0, -180], "uv": [0, 2]},
						{"origin": [-2, 7.75284, 23.50293], "size": [1, 1, 1], "pivot": [0, 4, 9], "rotation": [-20, 0, -180], "uv": [0, 2]},
						{"origin": [-2, 9.75284, 22.50293], "size": [1, 1, 1], "pivot": [0, 4, 9], "rotation": [-20, 0, -180], "uv": [0, 2]},
						{"origin": [-2, 8.75284, 22.50293], "size": [1, 1, 1], "pivot": [0, 4, 9], "rotation": [-20, 0, -180], "uv": [0, 2]},
						{"origin": [-2, 8.75284, 21.50293], "size": [1, 1, 1], "pivot": [0, 4, 9], "rotation": [-20, 0, -180], "uv": [0, 2]},
						{"origin": [-2, 7.75284, 20.50293], "size": [1, 1, 1], "pivot": [0, 4, 9], "rotation": [-20, 0, -180], "uv": [0, 2]},
						{"origin": [-2, 8.75284, 19.50293], "size": [1, 1, 1], "pivot": [0, 4, 9], "rotation": [-20, 0, -180], "uv": [0, 2]},
						{"origin": [-2, 10.75284, 18.50293], "size": [1, 1, 1], "pivot": [0, 4, 9], "rotation": [-20, 0, -180], "uv": [0, 2]},
						{"origin": [-2, 8.75284, 17.50293], "size": [1, 1, 1], "pivot": [0, 4, 9], "rotation": [-20, 0, -180], "uv": [0, 2]},
						{"origin": [-2, 7.75284, 17.50293], "size": [1, 1, 1], "pivot": [0, 4, 9], "rotation": [-20, 0, -180], "uv": [0, 2]},
						{"origin": [-2, 5.75284, 18.50293], "size": [1, 1, 1], "pivot": [0, 4, 9], "rotation": [-20, 0, -180], "uv": [0, 2]},
						{"origin": [-2, 6.75284, 18.50293], "size": [1, 1, 1], "pivot": [0, 4, 9], "rotation": [-20, 0, -180], "uv": [0, 2]},
						{"origin": [-2, 5.75284, 19.50293], "size": [1, 1, 1], "pivot": [0, 4, 9], "rotation": [-20, 0, -180], "uv": [0, 2]},
						{"origin": [-2, 4.75284, 20.50293], "size": [1, 1, 1], "pivot": [0, 4, 9], "rotation": [-20, 0, -180], "uv": [0, 2]},
						{"origin": [-2, 3.75284, 21.50293], "size": [1, 1, 1], "pivot": [0, 4, 9], "rotation": [-20, 0, -180], "uv": [0, 2]},
						{"origin": [-2, 2.75284, 22.50293], "size": [1, 1, 1], "pivot": [0, 4, 9], "rotation": [-20, 0, -180], "uv": [0, 2]},
						{"origin": [-2, 1.75284, 23.50293], "size": [1, 1, 1], "pivot": [0, 4, 9], "rotation": [-20, 0, -180], "uv": [0, 2]},
						{"origin": [-2, 0.75284, 24.50293], "size": [1, 1, 1], "pivot": [0, 4, 9], "rotation": [-20, 0, -180], "uv": [0, 2]},
						{"origin": [-2, -0.24716, 25.50293], "size": [1, 1, 1], "pivot": [0, 4, 9], "rotation": [-20, 0, -180], "uv": [0, 2]},
						{"origin": [-2, 0.75284, 26.50293], "size": [1, 1, 1], "pivot": [0, 4, 9], "rotation": [-20, 0, -180], "uv": [0, 2]},
						{"origin": [-2, 1.75284, 27.50293], "size": [1, 1, 1], "pivot": [0, 4, 9], "rotation": [-20, 0, -180], "uv": [0, 2]},
						{"origin": [-2, 1.75284, 28.50293], "size": [1, 1, 1], "pivot": [0, 4, 9], "rotation": [-20, 0, -180], "uv": [0, 2]},
						{"origin": [-2, 0.75284, 29.50293], "size": [1, 1, 1], "pivot": [0, 4, 9], "rotation": [-20, 0, -180], "uv": [0, 2]},
						{"origin": [-2, -0.24716, 30.50293], "size": [1, 1, 1], "pivot": [0, 4, 9], "rotation": [-20, 0, -180], "uv": [0, 2]},
						{"origin": [-2, -1.24716, 31.50293], "size": [1, 1, 1], "pivot": [0, 4, 9], "rotation": [-20, 0, -180], "uv": [0, 2]},
						{"origin": [-2, -2.24716, 32.50293], "size": [1, 1, 1], "pivot": [0, 4, 9], "rotation": [-20, 0, -180], "uv": [0, 2]},
						{"origin": [-2, -3.24716, 33.50293], "size": [1, 1, 1], "pivot": [0, 4, 9], "rotation": [-20, 0, -180], "uv": [0, 2]},
						{"origin": [-2, -4.24716, 34.50293], "size": [1, 1, 1], "pivot": [0, 4, 9], "rotation": [-20, 0, -180], "uv": [0, 2]},
						{"origin": [-2, -3.24716, 35.50293], "size": [1, 1, 1], "pivot": [0, 4, 9], "rotation": [-20, 0, -180], "uv": [0, 2]},
						{"origin": [-2, -3.24716, 36.50293], "size": [1, 1, 1], "pivot": [0, 4, 9], "rotation": [-20, 0, -180], "uv": [0, 2]},
						{"origin": [-2, -2.24716, 37.50293], "size": [1, 1, 1], "pivot": [0, 4, 9], "rotation": [-20, 0, -180], "uv": [0, 2]},
						{"origin": [-2, -1.24716, 38.50293], "size": [1, 1, 1], "pivot": [0, 4, 9], "rotation": [-20, 0, -180], "uv": [0, 2]},
						{"origin": [-2, -0.24716, 39.50293], "size": [1, 1, 1], "pivot": [0, 4, 9], "rotation": [-20, 0, -180], "uv": [0, 2]},
						{"origin": [-2, 0.75284, 40.50293], "size": [1, 1, 1], "pivot": [0, 4, 9], "rotation": [-20, 0, -180], "uv": [0, 2]},
						{"origin": [-2, 1.75284, 41.50293], "size": [1, 1, 1], "pivot": [0, 4, 9], "rotation": [-20, 0, -180], "uv": [0, 2]}
					]
				},
				{
					"name": "in2",
					"parent": "inner2",
					"pivot": [-3, 4, 9],
					"cubes": [
						{"origin": [-2, 3.75284, 42.50293], "size": [1, 1, 1], "pivot": [0, 4, 9], "rotation": [-20, 0, -180], "uv": [0, 4]},
						{"origin": [-2, 3.75284, 40.50293], "size": [1, 1, 1], "pivot": [0, 4, 9], "rotation": [-20, 0, -180], "uv": [0, 4]},
						{"origin": [-2, 3.75284, 39.50293], "size": [1, 1, 1], "pivot": [0, 4, 9], "rotation": [-20, 0, -180], "uv": [0, 4]},
						{"origin": [-2, 7.75284, 40.50293], "size": [1, 1, 1], "pivot": [0, 4, 9], "rotation": [-20, 0, -180], "uv": [0, 4]},
						{"origin": [-2, 6.75284, 39.50293], "size": [1, 1, 1], "pivot": [0, 4, 9], "rotation": [-20, 0, -180], "uv": [0, 4]},
						{"origin": [-2, 6.75284, 38.50293], "size": [1, 1, 1], "pivot": [0, 4, 9], "rotation": [-20, 0, -180], "uv": [0, 4]},
						{"origin": [-2, 1.75284, 38.50293], "size": [1, 1, 1], "pivot": [0, 4, 9], "rotation": [-20, 0, -180], "uv": [0, 4]},
						{"origin": [-2, 2.75284, 37.50293], "size": [1, 1, 1], "pivot": [0, 4, 9], "rotation": [-20, 0, -180], "uv": [0, 4]},
						{"origin": [-2, -0.24716, 36.50293], "size": [1, 1, 1], "pivot": [0, 4, 9], "rotation": [-20, 0, -180], "uv": [0, 4]},
						{"origin": [-2, 0.75284, 36.50293], "size": [1, 1, 1], "pivot": [0, 4, 9], "rotation": [-20, 0, -180], "uv": [0, 4]},
						{"origin": [-2, 0.75284, 35.50293], "size": [1, 1, 1], "pivot": [0, 4, 9], "rotation": [-20, 0, -180], "uv": [0, 4]},
						{"origin": [-2, -0.24716, 34.50293], "size": [1, 1, 1], "pivot": [0, 4, 9], "rotation": [-20, 0, -180], "uv": [0, 4]},
						{"origin": [-2, 2.75284, 28.50293], "size": [1, 1, 1], "pivot": [0, 4, 9], "rotation": [-20, 0, -180], "uv": [0, 4]},
						{"origin": [-2, 3.75284, 28.50293], "size": [1, 1, 1], "pivot": [0, 4, 9], "rotation": [-20, 0, -180], "uv": [0, 4]},
						{"origin": [-2, 4.75284, 27.50293], "size": [1, 1, 1], "pivot": [0, 4, 9], "rotation": [-20, 0, -180], "uv": [0, 4]},
						{"origin": [-2, 3.75284, 26.50293], "size": [1, 1, 1], "pivot": [0, 4, 9], "rotation": [-20, 0, -180], "uv": [0, 4]},
						{"origin": [-2, 2.75284, 26.50293], "size": [1, 1, 1], "pivot": [0, 4, 9], "rotation": [-20, 0, -180], "uv": [0, 4]},
						{"origin": [-2, 4.75284, 29.50293], "size": [1, 1, 1], "pivot": [0, 4, 9], "rotation": [-20, 0, -180], "uv": [0, 4]},
						{"origin": [-2, 2.75284, 41.50293], "size": [1, 1, 1], "pivot": [0, 4, 9], "rotation": [-20, 0, -180], "uv": [0, 4]},
						{"origin": [-2, 1.75284, 40.50293], "size": [1, 1, 1], "pivot": [0, 4, 9], "rotation": [-20, 0, -180], "uv": [0, 4]},
						{"origin": [-2, 0.75284, 39.50293], "size": [1, 1, 1], "pivot": [0, 4, 9], "rotation": [-20, 0, -180], "uv": [0, 4]},
						{"origin": [-2, -0.24716, 38.50293], "size": [1, 1, 1], "pivot": [0, 4, 9], "rotation": [-20, 0, -180], "uv": [0, 4]},
						{"origin": [-2, -1.24716, 37.50293], "size": [1, 1, 1], "pivot": [0, 4, 9], "rotation": [-20, 0, -180], "uv": [0, 4]},
						{"origin": [-2, -2.24716, 36.50293], "size": [1, 1, 1], "pivot": [0, 4, 9], "rotation": [-20, 0, -180], "uv": [0, 4]},
						{"origin": [-2, -2.24716, 35.50293], "size": [1, 1, 1], "pivot": [0, 4, 9], "rotation": [-20, 0, -180], "uv": [0, 4]},
						{"origin": [-2, -1.24716, 32.50293], "size": [1, 1, 1], "pivot": [0, 4, 9], "rotation": [-20, 0, -180], "uv": [0, 4]},
						{"origin": [-2, -2.24716, 33.50293], "size": [1, 1, 1], "pivot": [0, 4, 9], "rotation": [-20, 0, -180], "uv": [0, 4]},
						{"origin": [-2, -0.24716, 31.50293], "size": [1, 1, 1], "pivot": [0, 4, 9], "rotation": [-20, 0, -180], "uv": [0, 4]},
						{"origin": [-2, 0.75284, 30.50293], "size": [1, 1, 1], "pivot": [0, 4, 9], "rotation": [-20, 0, -180], "uv": [0, 4]},
						{"origin": [-2, 1.75284, 29.50293], "size": [1, 1, 1], "pivot": [0, 4, 9], "rotation": [-20, 0, -180], "uv": [0, 4]},
						{"origin": [-2, 0.75284, 25.50293], "size": [1, 1, 1], "pivot": [0, 4, 9], "rotation": [-20, 0, -180], "uv": [0, 4]},
						{"origin": [-2, 1.75284, 24.50293], "size": [1, 1, 1], "pivot": [0, 4, 9], "rotation": [-20, 0, -180], "uv": [0, 4]},
						{"origin": [-2, 2.75284, 23.50293], "size": [1, 1, 1], "pivot": [0, 4, 9], "rotation": [-20, 0, -180], "uv": [0, 4]}
					]
				},
				{
					"name": "gray2",
					"parent": "inner2",
					"pivot": [-3, 4, 9],
					"cubes": [
						{"origin": [-2, 10.75284, 17.50293], "size": [1, 1, 1], "pivot": [0, 4, 9], "rotation": [-20, 0, -180], "uv": [4, 0]},
						{"origin": [-2, 9.75284, 17.50293], "size": [1, 1, 1], "pivot": [0, 4, 9], "rotation": [-20, 0, -180], "uv": [4, 0]},
						{"origin": [-2, 9.75284, 18.50293], "size": [1, 1, 1], "pivot": [0, 4, 9], "rotation": [-20, 0, -180], "uv": [4, 0]},
						{"origin": [-2, 8.75284, 18.50293], "size": [1, 1, 1], "pivot": [0, 4, 9], "rotation": [-20, 0, -180], "uv": [4, 0]},
						{"origin": [-2, 7.75284, 18.50293], "size": [1, 1, 1], "pivot": [0, 4, 9], "rotation": [-20, 0, -180], "uv": [4, 0]},
						{"origin": [-2, 7.75284, 19.50293], "size": [1, 1, 1], "pivot": [0, 4, 9], "rotation": [-20, 0, -180], "uv": [4, 0]},
						{"origin": [-2, 6.75284, 19.50293], "size": [1, 1, 1], "pivot": [0, 4, 9], "rotation": [-20, 0, -180], "uv": [4, 0]},
						{"origin": [-2, 6.75284, 20.50293], "size": [1, 1, 1], "pivot": [0, 4, 9], "rotation": [-20, 0, -180], "uv": [4, 0]},
						{"origin": [-2, 5.75284, 20.50293], "size": [1, 1, 1], "pivot": [0, 4, 9], "rotation": [-20, 0, -180], "uv": [4, 0]},
						{"origin": [-2, 7.75284, 21.50293], "size": [1, 1, 1], "pivot": [0, 4, 9], "rotation": [-20, 0, -180], "uv": [4, 0]},
						{"origin": [-2, 6.75284, 21.50293], "size": [1, 1, 1], "pivot": [0, 4, 9], "rotation": [-20, 0, -180], "uv": [4, 0]},
						{"origin": [-2, 5.75284, 21.50293], "size": [1, 1, 1], "pivot": [0, 4, 9], "rotation": [-20, 0, -180], "uv": [4, 0]},
						{"origin": [-2, 4.75284, 21.50293], "size": [1, 1, 1], "pivot": [0, 4, 9], "rotation": [-20, 0, -180], "uv": [4, 0]},
						{"origin": [-2, 7.75284, 22.50293], "size": [1, 1, 1], "pivot": [0, 4, 9], "rotation": [-20, 0, -180], "uv": [4, 0]},
						{"origin": [-2, 6.75284, 22.50293], "size": [1, 1, 1], "pivot": [0, 4, 9], "rotation": [-20, 0, -180], "uv": [4, 0]},
						{"origin": [-2, 5.75284, 22.50293], "size": [1, 1, 1], "pivot": [0, 4, 9], "rotation": [-20, 0, -180], "uv": [4, 0]},
						{"origin": [-2, 4.75284, 22.50293], "size": [1, 1, 1], "pivot": [0, 4, 9], "rotation": [-20, 0, -180], "uv": [4, 0]},
						{"origin": [-2, 3.75284, 22.50293], "size": [1, 1, 1], "pivot": [0, 4, 9], "rotation": [-20, 0, -180], "uv": [4, 0]},
						{"origin": [-2, 3.75284, 23.50293], "size": [1, 1, 1], "pivot": [0, 4, 9], "rotation": [-20, 0, -180], "uv": [4, 0]},
						{"origin": [-2, 4.75284, 23.50293], "size": [1, 1, 1], "pivot": [0, 4, 9], "rotation": [-20, 0, -180], "uv": [4, 0]},
						{"origin": [-2, 5.75284, 23.50293], "size": [1, 1, 1], "pivot": [0, 4, 9], "rotation": [-20, 0, -180], "uv": [4, 0]},
						{"origin": [-2, 3.75284, 24.50293], "size": [1, 1, 1], "pivot": [0, 4, 9], "rotation": [-20, 0, -180], "uv": [4, 0]},
						{"origin": [-2, 2.75284, 24.50293], "size": [1, 1, 1], "pivot": [0, 4, 9], "rotation": [-20, 0, -180], "uv": [4, 0]}
					]
				},
				{
					"name": "jacket",
					"parent": "body",
					"pivot": [0, 24, 0],
					"cubes": [
						{"origin": [-4, 12, -2], "size": [8, 12, 4], "inflate": 0.25, "uv": [16, 32]}
					]
				},
				{
					"name": "cape",
					"parent": "body",
					"pivot": [0, 2, -2],
					"rotation": [-50, 0, -180]
				},
				{
					"name": "leftLeg",
					"parent": "root",
					"pivot": [1.9, 12, 0],
					"cubes": [
						{"origin": [-0.1, 0, -2], "size": [4, 12, 4], "uv": [16, 48]}
					]
				},
				{
					"name": "leftPants",
					"parent": "leftLeg",
					"pivot": [1.9, 12, 0],
					"cubes": [
						{"origin": [-0.1, 0, -2], "size": [4, 12, 4], "inflate": 0.25, "uv": [0, 48]}
					]
				},
				{
					"name": "rightLeg",
					"parent": "root",
					"pivot": [-1.9, 12, 0],
					"cubes": [
						{"origin": [-3.9, 0, -2], "size": [4, 12, 4], "uv": [0, 16]}
					]
				},
				{
					"name": "rightPants",
					"parent": "rightLeg",
					"pivot": [-1.9, 12, 0],
					"cubes": [
						{"origin": [-3.9, 0, -2], "size": [4, 12, 4], "inflate": 0.25, "uv": [0, 32]}
					]
				}
			]
		}
	]
}